epoch,steps,cosine_pearson,cosine_spearman,euclidean_pearson,euclidean_spearman,manhattan_pearson,manhattan_spearman,dot_pearson,dot_spearman
0,1000,0.9671194074117814,0.7613294825072261,0.9574676863490585,0.7450584166080224,0.9570577742629975,0.7515128930357139,0.9569071121398274,0.7613094597271347
0,2000,0.9708375391148358,0.7543980047782147,0.9607345885664087,0.7420018506336015,0.9602790376412664,0.7481815258564937,0.9592000105325441,0.754408443845518
0,3000,0.9716733779195449,0.7566666424860023,0.962433930721713,0.7414098858150913,0.9619713279101216,0.7486451200820776,0.9581717047449019,0.7568992152554772
0,-1,0.9729117697003437,0.7469887443862756,0.9640478194531226,0.7409931718000632,0.9637350108872011,0.7481104520767551,0.9617120127664538,0.7468907186265975
1,1000,0.9731323516721672,0.7471682340090121,0.9637243532005718,0.7335535575211996,0.9632983197921106,0.7406956048711014,0.9584728985646901,0.7472372323768596
1,2000,0.9739168792913598,0.7480166558295885,0.9633031026591101,0.7320853475789691,0.9627755376296151,0.7385299549606021,0.9566067004939466,0.748231840106349
1,3000,0.9741790146996024,0.7485452810793635,0.9634619472604856,0.7314956314173184,0.9629939113610666,0.7386150406786695,0.9569957205526937,0.7487458302341222
1,-1,0.9742114598482841,0.7483059158907509,0.9633268500717951,0.730951958908738,0.9628476288940206,0.7380796112597299,0.9564513674481468,0.7485180054848198
